2018-05-14 17:36:49.593441;0,042764317244291306;0,03594716265797615;0,028794758021831512;0,21970906853675842;0,004416280891746283;0,18983063101768494;88;1;1
2018-05-14 17:36:51.125583;0,03642992302775383;0,03054048679769039;0,02648848295211792;0,11602506041526794;0,002406076528131962;0,16186155378818512;88;1;1
2018-05-14 17:36:52.657609;0,035837892442941666;0,029771635308861732;0,025900131091475487;0,12252302467823029;0,001691888552159071;0,1301804631948471;88;1;1
2018-05-14 17:36:54.193394;0,04308093711733818;0,031424686312675476;0,02788551151752472;0,1705019474029541;0,001820293953642249;0,16229356825351715;88;1;1
2018-05-14 17:36:55.727258;0,057014137506484985;0,03426724672317505;0,03652847185730934;0,2099953144788742;0,0022049290128052235;0,22573766112327576;88;1;1
2018-05-14 17:36:57.259958;0,07010979950428009;0,04414115473628044;0,03924527019262314;0,24887067079544067;0,0030568670481443405;0,30353307723999023;88;1;1
2018-05-14 17:36:58.793310;0,07133838534355164;0,0455409437417984;0,04079883173108101;0,3081795871257782;0,0035275714471936226;0,4383774995803833;88;1;1
2018-05-14 17:37:00.325343;0,0837542861700058;0,04861036688089371;0,04567204788327217;0,35636240243911743;0,005861435551196337;0,5573737025260925;88;1;1
2018-05-14 17:37:01.857520;0,09545456618070602;0,056365855038166046;0,04770461097359657;0,39118343591690063;0,006640469655394554;0,5789206624031067;88;1;1
2018-05-14 17:37:03.390804;0,1299765557050705;0,05977293476462364;0,053423307836055756;0,4144969582557678;0,00675002159550786;0,5912964344024658;88;1;1
2018-05-14 17:37:04.926636;0,15336757898330688;0,06825391203165054;0,05901772528886795;0,5960983037948608;0,007489797193557024;0,5281118154525757;88;1;1
2018-05-14 17:37:06.459920;0,16671600937843323;0,09854371845722198;0,06613389402627945;0,6771970391273499;0,00845671072602272;0,5491944551467896;88;1;1
2018-05-14 17:37:07.994421;0,1601715087890625;0,09963126480579376;0,06910634785890579;0,7101427912712097;0,009754794649779797;0,8808684945106506;88;1;1
2018-05-14 17:37:09.526495;0,13558122515678406;0,09495974332094193;0,0629078596830368;0,5679526329040527;0,00915304571390152;0,8416026830673218;88;1;1
2018-05-14 17:37:11.061121;0,0912187322974205;0,0608319528400898;0,0487082339823246;0,36209315061569214;0,007278102450072765;0,7162274718284607;88;1;1
2018-05-14 17:37:12.595866;0,07899081707000732;0,046187203377485275;0,03986819460988045;0,2387206107378006;0,005101984832435846;0,25299835205078125;88;1;1
2018-05-14 17:37:14.131381;0,044973671436309814;0,03732256963849068;0,02787538804113865;0,1713525503873825;0,0028076611924916506;0,20032382011413574;88;1;1
2018-05-14 17:37:15.668509;0,041754093021154404;0,03623470664024353;0,026623627170920372;0,17615069448947906;0,0026410999707877636;0,16940917074680328;88;1;1
2018-05-14 17:37:17.201801;0,04144660755991936;0,03654155880212784;0,0262510534375906;0,17183172702789307;0,0029066945426166058;0,13629032671451569;88;1;1
2018-05-14 17:37:18.735040;0,04123583436012268;0,03642764315009117;0,02619555965065956;0,15147846937179565;0,0029608053155243397;0,1325737088918686;88;1;1
2018-05-14 17:37:20.268394;0,04094225540757179;0,036279890686273575;0,026186352595686913;0,14368149638175964;0,002920369151979685;0,1262912005186081;88;1;1
2018-05-14 17:37:21.803053;0,03696892037987709;0,03314508497714996;0,02536766603589058;0,1143302172422409;0,0022261743433773518;0,10522519052028656;88;1;1
2018-05-14 17:37:23.337490;0,037134524434804916;0,03298173099756241;0,025234906002879143;0,1147475615143776;0,0019070835551247;0,10916048288345337;88;1;1
2018-05-14 17:37:24.870917;0,03737692907452583;0,03304261714220047;0,025303978472948074;0,11782578378915787;0,0017843650421127677;0,10718715935945511;88;1;1
2018-05-14 17:37:26.404369;0,03776026889681816;0,0333915539085865;0,025524955242872238;0,1227276474237442;0,0020683917682617903;0,1080552339553833;88;1;1
2018-05-14 17:37:27.938730;0,037958864122629166;0,033806879073381424;0,025602927431464195;0,12714561820030212;0,002341286977753043;0,11257609724998474;88;1;1
2018-05-14 17:37:29.470826;0,03796260431408882;0,03377826139330864;0,025560656562447548;0,1287612020969391;0,0023572160862386227;0,11257609724998474;88;1;1
2018-05-14 17:37:31.004154;0,03822541981935501;0,033553071320056915;0,025777114555239677;0,12931758165359497;0,0021713890600949526;0,11585215479135513;88;1;1
2018-05-14 17:37:32.537414;0,03757881745696068;0,03240228071808815;0,025861583650112152;0,1175040602684021;0,0017993297660723329;0,11534327268600464;88;1;1
2018-05-14 17:37:34.070739;0,04481112211942673;0,03369912505149841;0,0288221575319767;0,1266278475522995;0,0016555477632209659;0,11627386510372162;88;1;1
2018-05-14 17:37:35.604101;0,04642438143491745;0,03396282345056534;0,029752708971500397;0,1257144808769226;0,0016289339400827885;0,12053081393241882;88;1;1
2018-05-14 17:37:37.137312;0,04612071067094803;0,03404643386602402;0,029652457684278488;0,1234700083732605;0,001823084312491119;0,10855641216039658;88;1;1
2018-05-14 17:37:38.669430;0,0466974712908268;0,034236762672662735;0,029858211055397987;0,12392724305391312;0,0019680927507579327;0,10779312998056412;88;1;1
2018-05-14 17:37:40.202666;0,0386376790702343;0,03215727582573891;0,026596801355481148;0,1220533475279808;0,0020241469610482454;0,10427459329366684;88;1;1
2018-05-14 17:37:41.737446;0,037373486906290054;0,03171509504318237;0,025961043313145638;0,12170667946338654;0,0019238232634961605;0,1045340821146965;88;1;1
2018-05-14 17:37:43.274329;0,0376301035284996;0,032762713730335236;0,02587733417749405;0,12170667946338654;0,0019238232634961605;0,1045340821146965;88;1;1
2018-05-14 17:37:44.810634;0,039252422749996185;0,03426932170987129;0,02614101953804493;0,17574350535869598;0,0034451307728886604;0,15129736065864563;88;1;1
2018-05-14 17:37:46.347179;0,12887859344482422;0,07609226554632187;0,047236986458301544;0,49950963258743286;0,005183771718293428;0,2726905345916748;88;1;1
2018-05-14 17:37:47.880608;0,13326062262058258;0,07844766974449158;0,0479850172996521;0,5097493529319763;0,005302099976688623;0,2728283703327179;88;1;1
2018-05-14 17:37:49.413858;0,13919149339199066;0,0867386981844902;0,0525318942964077;0,6222571134567261;0,008871844969689846;0,39063358306884766;88;1;1
2018-05-14 17:37:50.949666;0,14272724092006683;0,08752087503671646;0,0539914108812809;0,6229391098022461;0,00909285619854927;0,3907545208930969;88;1;1
2018-05-14 17:37:52.484244;0,06938349455595016;0,054185912013053894;0,03698353469371796;0,42317822575569153;0,008487065322697163;0,3227553069591522;88;1;1
2018-05-14 17:37:54.017553;0,058350324630737305;0,04138169437646866;0,0329972542822361;0,2655045688152313;0,00629301555454731;0,15892770886421204;88;1;1
2018-05-14 17:37:55.549553;0,038475558161735535;0,032043956220149994;0,02617323026061058;0,16249315440654755;0,002836808795109391;0,12200036644935608;88;1;1
2018-05-14 17:37:57.082993;0,04618255794048309;0,03398430347442627;0,03054496832191944;0,225045308470726;0,0028230061288923025;0,17195500433444977;88;1;1
2018-05-14 17:37:58.617488;0,04823625087738037;0,035668496042490005;0,0323953814804554;0,23410429060459137;0,0034277462400496006;0,30173835158348083;88;1;1
2018-05-14 17:38:00.149526;0,051453590393066406;0,04037110507488251;0,035970550030469894;0,25475743412971497;0,004808221478015184;0,38007235527038574;88;1;1
2018-05-14 17:38:01.684090;0,08049672842025757;0,05429493635892868;0,05302873253822327;0,2622826099395752;0,005824661813676357;0,42112016677856445;88;1;1
2018-05-14 17:38:03.219815;0,08001654595136642;0,05292562395334244;0,05217385292053223;0,19863452017307281;0,005446404684334993;0,38616958260536194;88;1;1
2018-05-14 17:38:04.753190;0,08186232298612595;0,052145618945360184;0,05127931013703346;0,254212886095047;0,005163091234862804;0,32901856303215027;88;1;1
2018-05-14 17:38:06.285254;0,05204511806368828;0,04695216938853264;0,03325416147708893;0,3363710045814514;0,005143537186086178;0,2742372155189514;88;1;1
2018-05-14 17:38:07.818513;0,05203281342983246;0,03874769061803818;0,031219283118844032;0,47681382298469543;0,005788709968328476;0,3060856759548187;88;1;1
2018-05-14 17:38:09.351888;0,05217767879366875;0,03980037197470665;0,031868916004896164;0,5517598390579224;0,00633864663541317;0,32686910033226013;88;1;1
2018-05-14 17:38:10.885213;0,049848366528749466;0,039756856858730316;0,03171135112643242;0,5940002202987671;0,006887619383633137;0,3619905710220337;88;1;1
2018-05-14 17:38:12.418456;0,05144122242927551;0,041572242975234985;0,03245967999100685;0,6358810067176819;0,007457951549440622;0,35540223121643066;88;1;1
2018-05-14 17:38:13.951985;0,05098849534988403;0,040953218936920166;0,03222519904375076;0,5792196393013;0,007095948327332735;0,30884331464767456;88;1;1
2018-05-14 17:38:15.486359;0,049203623086214066;0,03943917527794838;0,03105013258755207;0,5095000863075256;0,00645561795681715;0,242240771651268;88;1;1
2018-05-14 17:38:17.018446;0,04549524933099747;0,0670923963189125;0,03904935345053673;0,40192675590515137;0,009110658429563046;0,4056777358055115;88;1;1
2018-05-14 17:38:18.551833;0,040390338748693466;0,06626825779676437;0,0386766642332077;0,26871970295906067;0,008165980689227581;0,40689873695373535;88;1;1
2018-05-14 17:38:20.085131;0,2351914346218109;0,11598547548055649;0,11476391553878784;0,6086308360099792;0,012809785082936287;1,2184056043624878;88;1;1
2018-05-14 17:38:21.618341;0,24029342830181122;0,10452394932508469;0,11332813650369644;0,6263347864151001;0,011191777884960175;1,1739442348480225;88;1;1
2018-05-14 17:38:23.154192;0,2701108753681183;0,10958865284919739;0,11929337680339813;0,6516913771629333;0,01133342832326889;1,1914149522781372;88;1;1
2018-05-14 17:38:24.688742;0,22987677156925201;0,10782046616077423;0,11824161559343338;0,6801456809043884;0,011756476014852524;1,201345682144165;88;1;1
2018-05-14 17:38:26.220747;0,137311190366745;0,05406330153346062;0,051885634660720825;0,3594326674938202;0,005696007516235113;0,38109326362609863;88;1;1
2018-05-14 17:38:27.754114;0,13419301807880402;0,05092309042811394;0,05057450011372566;0,32480475306510925;0,005334184505045414;0,3658471703529358;88;1;1
2018-05-14 17:38:29.287401;0,050361648201942444;0,043715860694646835;0,03319655731320381;0,3140455186367035;0,005348808132112026;0,5577786564826965;88;1;1
2018-05-14 17:38:30.830701;0,08317066729068756;0,07557769119739532;0,05184466764330864;0,3718259930610657;0,009176928550004959;0,7614182233810425;88;1;1
2018-05-14 17:38:32.364036;0,08604048192501068;0,07697982341051102;0,05294252559542656;0,4070490896701813;0,009159375913441181;0,7864011526107788;88;1;1
2018-05-14 17:38:33.897479;0,08989263325929642;0,08140723407268524;0,05653081461787224;0,5035293102264404;0,010750975459814072;0,8689397573471069;88;1;1
2018-05-14 17:38:35.433191;0,06461884826421738;0,059299517422914505;0,0452626533806324;0,4923573434352875;0,008074816316366196;0,555670440196991;88;1;1
2018-05-14 17:38:36.966459;0,06589873880147934;0,0558418370783329;0,04305252432823181;0,5315715670585632;0,008082009851932526;0,557327151298523;88;1;1
2018-05-14 17:38:38.498564;0,061374325305223465;0,05036311224102974;0,0396852046251297;0,4813253581523895;0,006784757599234581;0,39429971575737;88;1;1
2018-05-14 17:38:40.031903;0,07011772692203522;0,04902297630906105;0,05478569492697716;0,4890913665294647;0,008920751512050629;0,9844882488250732;88;1;1
2018-05-14 17:38:41.568190;0,06756144016981125;0,07190398871898651;0,05396372824907303;0,44552648067474365;0,008564967662096024;0,9782679080963135;88;1;1
2018-05-14 17:38:43.103988;0,06526295840740204;0,06855076551437378;0,05241706594824791;0,40844959020614624;0,0077388654462993145;0,9609331488609314;88;1;1
2018-05-14 17:38:44.637324;0,06447912752628326;0,06794308125972748;0,05253531411290169;0,4046540856361389;0,0072604636661708355;0,593821108341217;88;1;1
2018-05-14 17:38:46.173100;0,052566468715667725;0,03991696238517761;0,03395821526646614;0,25717267394065857;0,0028938832692801952;0,24328802525997162;88;1;1
2018-05-14 17:38:47.707633;0,05388452485203743;0,0411212220788002;0,03578962758183479;0,2774595320224762;0,003149535274133086;0,25649720430374146;88;1;1
2018-05-14 17:38:49.242164;0,08762668818235397;0,08919541537761688;0,0649363324046135;0,4224492311477661;0,010158433578908443;0,7946961522102356;88;1;1
2018-05-14 17:38:50.779246;0,11937548220157623;0,08938055485486984;0,06464434415102005;0,41260653734207153;0,01017125602811575;0,7929874658584595;88;1;1
2018-05-14 17:38:52.317559;0,11953428387641907;0,08987876772880554;0,0675290897488594;0,46810248494148254;0,010286923497915268;0,7944799065589905;88;1;1
2018-05-14 17:38:53.852126;0,10983084887266159;0,08470165729522705;0,06324515491724014;0,4409891366958618;0,00995768141001463;0,7512091994285583;88;1;1
2018-05-14 17:38:55.387980;0,10435882210731506;0,04921871796250343;0,04330827295780182;0,37499985098838806;0,007395995315164328;0,49228864908218384;88;1;1
2018-05-14 17:38:56.926313;0,0672699362039566;0,04949125275015831;0,04232829436659813;0,37491095066070557;0,0060524106957018375;0,5366816520690918;88;1;1
2018-05-14 17:38:58.460825;0,058900997042655945;0,04662493243813515;0,03954779729247093;0,3299994170665741;0,0059098671190440655;0,5436047315597534;88;1;1
2018-05-14 17:38:59.995344;0,09184790402650833;0,061469461768865585;0,05420389771461487;0,32890933752059937;0,006734437309205532;0,6514522433280945;88;1;1
2018-05-14 17:39:01.530009;0,09698507934808731;0,06370517611503601;0,054822903126478195;0,29061874747276306;0,005796206649392843;0,5254620313644409;88;1;1
2018-05-14 17:39:03.068267;0,09346835315227509;0,061539750546216965;0,05267203226685524;0,2722739577293396;0,005363982170820236;0,48754453659057617;88;1;1
2018-05-14 17:39:04.604117;0,05501283332705498;0,04188765585422516;0,03491256386041641;0,18185777962207794;0,0030423286370933056;0,20713868737220764;88;1;1
2018-05-14 17:39:06.137424;0,11554954946041107;0,06219423934817314;0,04585370421409607;0,23939689993858337;0,003970752935856581;0,22240328788757324;88;1;1
2018-05-14 17:39:07.673179;0,2184269279241562;0,12183646112680435;0,13669425249099731;0,33205854892730713;0,006688500288873911;0,8776336312294006;88;1;1
2018-05-14 17:39:09.210191;0,27513226866722107;0,15377584099769592;0,15821042656898499;0,39603424072265625;0,007872320711612701;0,9995521903038025;88;1;1
2018-05-14 17:39:10.747327;0,29753345251083374;0,1700846403837204;0,1905224621295929;0,4313739240169525;0,015081948600709438;2,465723991394043;88;1;1
2018-05-14 17:39:12.281863;0,2626047134399414;0,157234326004982;0,19871081411838531;0,43798768520355225;0,01652541756629944;2,537543773651123;88;1;1
2018-05-14 17:39:13.816420;0,21643033623695374;0,1306721568107605;0,19871081411838531;0,32127735018730164;0,015652697533369064;2,3853256702423096;88;1;1
2018-05-14 17:39:15.351092;0,13365153968334198;0,09010747820138931;0,13191479444503784;0,3093700706958771;0,015057387761771679;2,3451180458068848;88;1;1
2018-05-14 17:39:16.888075;0,05182691290974617;0,037101760506629944;0,03090011514723301;0,21540239453315735;0,0039038790855556726;0,20812596380710602;88;1;1
2018-05-14 17:39:18.426403;0,05777835473418236;0,03910251334309578;0,03346867114305496;0,21292322874069214;0,003589686704799533;0,16211166977882385;88;1;1
2018-05-14 17:39:19.960923;0,062679722905159;0,040398623794317245;0,036064453423023224;0,21271540224552155;0,0036302662920206785;0,1731756031513214;88;1;1
2018-05-14 17:39:21.496822;0,06664052605628967;0,03977367654442787;0,03781742975115776;0,19152788817882538;0,0032630281057208776;0,16832804679870605;88;1;1
2018-05-14 17:39:23.031339;0,06500156223773956;0,03972973674535751;0,03719313442707062;0,18937385082244873;0,003208147594705224;0,17604972422122955;88;1;1
2018-05-14 17:39:24.568382;0,062298402190208435;0,038108326494693756;0,03567717969417572;0,1957027167081833;0,0027712576556950808;0,17793384194374084;88;1;1
2018-05-14 17:39:26.104228;0,06264611333608627;0,03739948943257332;0,03398695960640907;0,18788668513298035;0,002731483429670334;0,1802264153957367;88;1;1
2018-05-14 17:39:27.638763;0,05671343579888344;0,03760148212313652;0,033457085490226746;0,2166915237903595;0,0034595802426338196;0,20247484743595123;88;1;1
2018-05-14 17:39:29.173331;0,0597291998565197;0,039724741131067276;0,03543516993522644;0,23079082369804382;0,003996962681412697;0,21460671722888947;88;1;1
2018-05-14 17:39:30.709090;0,06552213430404663;0,04363153502345085;0,03865089640021324;0,2498219758272171;0,004056986887007952;0,26601386070251465;88;1;1
2018-05-14 17:39:32.246100;0,06590070575475693;0,04543855041265488;0,03794846683740616;0,23708811402320862;0,0039469520561397076;0,2663210928440094;88;1;1
2018-05-14 17:39:33.780683;0,08068246394395828;0,050655070692300797;0,0432291254401207;0,23370406031608582;0,003923565149307251;0,2738012373447418;88;1;1
2018-05-14 17:39:35.316485;0,08415859192609787;0,05199717357754707;0,04480043426156044;0,23737572133541107;0,0038555448409169912;0,28228139877319336;88;1;1
2018-05-14 17:39:36.851085;0,08077862858772278;0,05146083980798721;0,04424481466412544;0,2682397961616516;0,004009434953331947;0,32658490538597107;88;1;1
2018-05-14 17:39:38.388133;0,07359763979911804;0,04795098677277565;0,03881664201617241;0,26099923253059387;0,003915372770279646;0,3222961723804474;88;1;1
2018-05-14 17:39:39.924008;0,05800548568367958;0,04347771406173706;0,03539743274450302;0,25053802132606506;0,003612085245549679;0,306529700756073;88;1;1
2018-05-14 17:39:41.458538;0,05032381787896156;0,04007497429847717;0,030043428763747215;0,2250521034002304;0,003211582312360406;0,24845018982887268;88;1;1
2018-05-14 17:39:42.993238;0,04904919117689133;0,038885973393917084;0,028229406103491783;0,19912774860858917;0,002916976111009717;0,20326587557792664;88;1;1
2018-05-14 17:39:44.527805;0,049445316195487976;0,03904842585325241;0,02831900119781494;0,20032349228858948;0,0027538586873561144;0,19388800859451294;88;1;1
2018-05-14 17:39:46.063519;0,05240248888731003;0,04154698923230171;0,02885969541966915;0,19988194108009338;0,002428395440801978;0,18238693475723267;88;1;1
2018-05-14 17:39:47.600550;0,05094080790877342;0,0409768670797348;0,028960352763533592;0,1896345466375351;0,002428395440801978;0,1584686040878296;88;1;1
2018-05-14 17:39:49.145235;0,05584055930376053;0,04118156433105469;0,029385577887296677;0,16954681277275085;0,0025632542092353106;0,15260553359985352;88;1;1
2018-05-14 17:39:50.686210;0,05394719913601875;0,0390302911400795;0,029023438692092896;0,18809199333190918;0,003057546215131879;0,16379643976688385;88;1;1
2018-05-14 17:39:52.221703;0,06069540977478027;0,04230518639087677;0,03079790621995926;0,20601142942905426;0,0031459033489227295;0,16492794454097748;88;1;1
2018-05-14 17:39:53.754993;0,0659828931093216;0,04338841885328293;0,03230255842208862;0,20387417078018188;0,003080878173932433;0,1713133305311203;88;1;1
2018-05-14 17:39:55.288321;0,06615524739027023;0,04216155409812927;0,03243885189294815;0,19249621033668518;0,00284559209831059;0,24600344896316528;88;1;1
2018-05-14 17:39:56.822923;0,06940193474292755;0,04335144907236099;0,03591446205973625;0,21275591850280762;0,003512222785502672;0,3060586154460907;88;1;1
2018-05-14 17:39:58.358673;0,0785321593284607;0,0462360754609108;0,038854341953992844;0,2431376576423645;0,003354140790179372;0,3121992349624634;88;1;1
2018-05-14 17:39:59.903311;0,08268866688013077;0,05183757096529007;0,0401073656976223;0,28179481625556946;0,0036897489335387945;0,33615371584892273;88;1;1
2018-05-14 17:40:01.440426;0,07885841280221939;0,053512413054704666;0,03840852901339531;0,2861042618751526;0,0036433376371860504;0,2887865900993347;88;1;1
2018-05-14 17:40:02.977479;0,10081347078084946;0,05551586672663689;0,04312240332365036;0,2795824110507965;0,0042648715898394585;0,3134763836860657;88;1;1
2018-05-14 17:40:04.510782;0,08835669606924057;0,048107124865055084;0,03837219253182411;0,22386394441127777;0,00400932040065527;0,2975377142429352;88;1;1
2018-05-14 17:40:06.054063;0,08571495860815048;0,04494789242744446;0,03747313469648361;0,20901191234588623;0,0036117136478424072;0,2515861392021179;88;1;1
2018-05-14 17:40:07.588592;0,0373707115650177;0,031627487391233444;0,02676580473780632;0,17054136097431183;0,0028612646274268627;0,21767669916152954;88;1;1
2018-05-14 17:40:09.124415;0,03602338209748268;0,029163474217057228;0,02533021755516529;0,1224789172410965;0,0014635279076173902;0,130600705742836;88;1;1
2018-05-14 17:40:10.659064;0,03597467020153999;0,028577279299497604;0,02533724717795849;0,12345879524946213;0,0012718042125925422;0,10152211040258408;88;1;1
2018-05-14 17:40:12.193549;0,03589213639497757;0,02864091284573078;0,025354381650686264;0,11006264388561249;0,0013503332156687975;0,08722987025976181;88;1;1
2018-05-14 17:40:13.728095;0,035774923861026764;0,02858521044254303;0,02528202161192894;0,11738111823797226;0,0012487868079915643;0,07965349406003952;88;1;1
2018-05-14 17:40:15.262660;0,03559184819459915;0,02883508987724781;0,025215497240424156;0,12611202895641327;0,0012034737737849355;0,09034392982721329;88;1;1
2018-05-14 17:40:16.807198;0,03571296110749245;0,02890949137508869;0,025124460458755493;0,129919171333313;0,0011358271585777402;0,09501716494560242;88;1;1
2018-05-14 17:40:18.345676;0,03567344695329666;0,028894515708088875;0,025170421227812767;0,1325436532497406;0,001094829523935914;0,09650461375713348;88;1;1
2018-05-14 17:40:19.880190;0,03575155884027481;0,028835857287049294;0,025133736431598663;0,12903819978237152;0,001074338681064546;0,10001539438962936;88;1;1
2018-05-14 17:40:21.415843;0,03861096501350403;0,02994328923523426;0,02559477835893631;0,13573648035526276;0,0011628000065684319;0,10231497883796692;88;1;1
2018-05-14 17:40:22.951689;0,038394421339035034;0,02985439822077751;0,025623071938753128;0,12683331966400146;0,0010780773591250181;0,10369126498699188;88;1;1
2018-05-14 17:40:24.486305;0,038393814116716385;0,029883479699492455;0,025777699425816536;0,12257736176252365;0,0011010115267708898;0,1031971201300621;88;1;1
2018-05-14 17:40:26.023370;0,03568059206008911;0,02862691879272461;0,025382330641150475;0,11649242043495178;0,0011454651830717921;0,10205774754285812;88;1;1
2018-05-14 17:40:27.570455;0,03575417026877403;0,02837837114930153;0,025501450523734093;0,11505284905433655;0,0012280434602871537;0,09930415451526642;88;1;1
2018-05-14 17:40:29.104976;0,03599335625767708;0,028299570083618164;0,02546972595155239;0,11947906762361526;0,0012675722828134894;0,10619033873081207;88;1;1
2018-05-14 17:40:30.639640;0,03605490177869797;0,028450889512896538;0,02557244338095188;0,1206170842051506;0,0013222061097621918;0,11002777516841888;88;1;1
2018-05-14 17:40:32.184100;0,03644406050443649;0,029605820775032043;0,026001127436757088;0,13260139524936676;0,002043582499027252;0,1417332887649536;88;1;1
2018-05-14 17:40:33.718617;0,03639460727572441;0,029978936538100243;0,025990981608629227;0,1336791217327118;0,0020754016004502773;0,14779089391231537;88;1;1
2018-05-14 17:40:35.253228;0,036345429718494415;0,030073216184973717;0,0258024912327528;0,11994437128305435;0,0020114057697355747;0,1403616964817047;88;1;1
2018-05-14 17:40:36.788995;0,03747444227337837;0,03044643998146057;0,025744065642356873;0,11288272589445114;0,0019246733281761408;0,13425594568252563;88;1;1
2018-05-14 17:40:38.331084;0,037382397800683975;0,030022375285625458;0,025582173839211464;0,1039373129606247;0,0014165214961394668;0,11367838084697723;88;1;1
2018-05-14 17:40:39.865805;0,03752938285470009;0,030013039708137512;0,025702333077788353;0,10842110961675644;0,001363352406769991;0,11292093247175217;88;1;1
2018-05-14 17:40:41.398879;0,03739870339632034;0,029977761209011078;0,025952152907848358;0,11972416937351227;0,0014626565389335155;0,12522435188293457;88;1;1
2018-05-14 17:40:42.942296;0,035670921206474304;0,02900020405650139;0,02567911706864834;0,11580733954906464;0,0013016358716413379;0,12452514469623566;88;1;1
2018-05-14 17:40:44.478173;0,03605259209871292;0,029029274359345436;0,025797976180911064;0,11264193803071976;0,001276042778044939;0,1200881153345108;88;1;1
2018-05-14 17:40:46.011375;0,03656529262661934;0,02899256907403469;0,0261507797986269;0,11064884811639786;0,0011990410275757313;0,1181187555193901;88;1;1
2018-05-14 17:40:47.547266;0,03670331835746765;0,028816651552915573;0,02599770948290825;0,12661579251289368;0,001130925491452217;0,11755812913179398;88;1;1
2018-05-14 17:40:49.088007;0,036264821887016296;0,028834877535700798;0,02585776336491108;0,12798112630844116;0,0011553086806088686;0,10877815634012222;88;1;1
2018-05-14 17:40:50.623904;0,035588737577199936;0,02898472547531128;0,02551775984466076;0,13614653050899506;0,0011954933870583773;0,10335913300514221;88;1;1
2018-05-14 17:40:52.158358;0,035673823207616806;0,0290207602083683;0,025602880865335464;0,13527360558509827;0,0012507970677688718;0,10815814137458801;88;1;1
2018-05-14 17:40:53.691703;0,03819621354341507;0,029588056728243828;0,026036394760012627;0,13533063232898712;0,0014277916634455323;0,10980629920959473;88;1;1
2018-05-14 17:40:55.227514;0,04362323507666588;0,03685981407761574;0,02982514165341854;0,3060571253299713;0,005138789769262075;0,29126477241516113;88;1;1
2018-05-14 17:40:56.765829;0,06034800410270691;0,04605688527226448;0,034154463559389114;0,3857601583003998;0,006126902066171169;0,365323930978775;88;1;1
2018-05-14 17:40:58.314212;0,11254341155290604;0,0643254742026329;0,0468246154487133;0,4099743664264679;0,0064680855721235275;0,3808579742908478;88;1;1
2018-05-14 17:40:59.848675;0,11351099610328674;0,06336888670921326;0,04585403576493263;0,3891952633857727;0,0064680855721235275;0,2860167920589447;88;1;1
2018-05-14 17:41:01.385719;0,10800406336784363;0,05981796607375145;0,043616801500320435;0,2342372089624405;0,003982271533459425;0,24079132080078125;88;1;1
2018-05-14 17:41:02.919014;0,05207251384854317;0,03932217136025429;0,028580838814377785;0,16460855305194855;0,002548257354646921;0,14051125943660736;88;1;1
2018-05-14 17:41:04.462357;0,039399828761816025;0,031550973653793335;0,026459982618689537;0,14009694755077362;0,0018775598146021366;0,10840194672346115;88;1;1
2018-05-14 17:41:05.996888;0,036809805780649185;0,030743557959794998;0,0259722713381052;0,13067936897277832;0,0018333380576223135;0,11353926360607147;88;1;1
2018-05-14 17:41:07.534060;0,036852627992630005;0,03157222270965576;0,026530291885137558;0,1311945766210556;0,0021786820143461227;0,14474157989025116;88;1;1
2018-05-14 17:41:09.077298;0,03594484552741051;0,030741924419999123;0,02623596228659153;0,1258493810892105;0,002165015786886215;0,15201501548290253;88;1;1
2018-05-14 17:41:10.610652;0,03594854101538658;0,030396711081266403;0,026187270879745483;0,13364055752754211;0,002004956128075719;0,1490126997232437;88;1;1
2018-05-14 17:41:12.145152;0,036110375076532364;0,030469641089439392;0,02612985111773014;0,14227215945720673;0,001993385376408696;0,13443222641944885;88;1;1
2018-05-14 17:41:13.679793;0,03577709570527077;0,02967747114598751;0,025661470368504524;0,14286354184150696;0,0019039964536204934;0,11828023940324783;88;1;1
2018-05-14 17:41:15.221804;0,035843927413225174;0,02981269173324108;0,025661470368504524;0,1477040797472;0,002123594284057617;0,11657272279262543;88;1;1
2018-05-14 17:41:16.757671;0,03572993725538254;0,02978075109422207;0,025673339143395424;0,1404436081647873;0,0020806165412068367;0,1184980645775795;88;1;1
2018-05-14 17:41:18.293597;0,0357024110853672;0,029916467145085335;0,025682779029011726;0,13272061944007874;0,0020490095485001802;0,10883066058158875;88;1;1
2018-05-14 17:41:19.830505;0,035690560936927795;0,02961319498717785;0,02555195614695549;0,12036663293838501;0,00176561891566962;0,09997079521417618;88;1;1
2018-05-14 17:41:21.365016;0,036039192229509354;0,029857594519853592;0,025708608329296112;0,11851920187473297;0,0017994834342971444;0,11200560629367828;88;1;1
2018-05-14 17:41:22.899645;0,03631557524204254;0,030110415071249008;0,02592509426176548;0,12007590383291245;0,001984252594411373;0,12326519191265106;88;1;1
2018-05-14 17:41:24.434192;0,03696853294968605;0,030489999800920486;0,025959467515349388;0,1289348155260086;0,0022604691330343485;0,13193215429782867;88;1;1
2018-05-14 17:41:25.978817;0,039967603981494904;0,03249727189540863;0,02674742043018341;0,13715144991874695;0,0027528980281203985;0,15342047810554504;88;1;1
2018-05-14 17:41:27.514671;0,04265187308192253;0,03438100963830948;0,027319112792611122;0,15322953462600708;0,0027760600205510855;0,14680305123329163;88;1;1
2018-05-14 17:41:29.049194;0,043279364705085754;0,03523232787847519;0,027439497411251068;0,1577255129814148;0,0033968721982091665;0,15481151640415192;88;1;1
2018-05-14 17:41:30.587444;0,045570991933345795;0,03675954416394234;0,028138019144535065;0,22855444252490997;0,003847437910735607;0,19083812832832336;88;1;1
2018-05-14 17:41:32.123225;0,04600800946354866;0,03599003702402115;0,028396181762218475;0,24994055926799774;0,0037595683243125677;0,19826166331768036;88;1;1
2018-05-14 17:41:33.656548;0,046451494097709656;0,03670080006122589;0,029573330655694008;0,31611698865890503;0,00489176157861948;0,2845594584941864;88;1;1
2018-05-14 17:41:35.192354;0,04791901633143425;0,03748667985200882;0,030374843627214432;0,3945390582084656;0,005489993374794722;0,320921927690506;88;1;1
2018-05-14 17:41:36.738234;0,04913419857621193;0,03848564252257347;0,030546486377716064;0,4308353662490845;0,005998694803565741;0,3214050531387329;88;1;1
2018-05-14 17:41:38.273993;0,07160835713148117;0,04579406976699829;0,03582565858960152;0,5176858305931091;0,007058037910610437;0,3903711140155792;88;1;1
2018-05-14 17:41:39.807346;0,07113611698150635;0,044985271990299225;0,035878393799066544;0,5244395732879639;0,006615560967475176;0,40201133489608765;88;1;1
2018-05-14 17:41:41.341976;0,06978438794612885;0,04417404159903526;0,035937629640102386;0,47780776023864746;0,006111562252044678;0,37563925981521606;88;1;1
2018-05-14 17:41:42.879059;0,04920926317572594;0,03838321939110756;0,032919641584157944;0,4583469033241272;0,0056939637288451195;0,38673779368400574;88;1;1
2018-05-14 17:41:44.414666;0,04762767627835274;0,037791043519973755;0,03143373131752014;0,4407136142253876;0,005328261759132147;0,3422827124595642;88;1;1
2018-05-14 17:41:45.949249;0,04623260349035263;0,03979216888546944;0,031848445534706116;0,43277665972709656;0,0056375241838395596;0,3441450893878937;88;1;1
2018-05-14 17:41:47.491294;0,04343404993414879;0,03895395249128342;0,029967792332172394;0,4072071313858032;0,005303533747792244;0,302910178899765;88;1;1
2018-05-14 17:41:49.028402;0,04067598283290863;0,03611796349287033;0,028953762724995613;0,29065001010894775;0,0038535536732524633;0,2591506540775299;88;1;1
2018-05-14 17:41:50.564412;0,03850329667329788;0,03345092758536339;0,027351723983883858;0,17303664982318878;0,0025822885800153017;0,14786529541015625;88;1;1
2018-05-14 17:41:52.107554;0,03888412564992905;0,032825570553541183;0,026539761573076248;0,13857856392860413;0,0019081587670370936;0,11495031416416168;88;1;1
2018-05-14 17:41:53.644675;0,04517833888530731;0,03820502385497093;0,028052465990185738;0,13699275255203247;0,001786372042261064;0,1229851171374321;88;1;1
2018-05-14 17:41:55.180369;0,04683013632893562;0,04010098800063133;0,028626108542084694;0,1382818967103958;0,002234643092378974;0,14100168645381927;88;1;1
2018-05-14 17:41:56.715017;0,04730922356247902;0,039946671575307846;0,028549574315547943;0,1402982771396637;0,0022084242664277554;0,1414673924446106;88;1;1
2018-05-14 17:41:58.256975;0,04843848943710327;0,039004385471343994;0,028737902641296387;0,1386585831642151;0,0020954147912561893;0,13943763077259064;88;1;1
2018-05-14 17:41:59.792864;0,044889092445373535;0,03160134702920914;0,027318624779582024;0,1570122092962265;0,0016554701142013073;0,1316920816898346;88;1;1
2018-05-14 17:42:01.327408;0,0676179900765419;0,038928356021642685;0,02783851884305477;0,17222832143306732;0,0016368366777896881;0,14208069443702698;88;1;1
2018-05-14 17:42:02.864576;0,08310355991125107;0,042709529399871826;0,040098581463098526;0,19135090708732605;0,001982043031603098;0,15407851338386536;88;1;1
2018-05-14 17:42:04.398997;0,0819239392876625;0,042529549449682236;0,03989316523075104;0,1918947696685791;0,001982043031603098;0,15407851338386536;88;1;1
2018-05-14 17:42:05.934860;0,08141159266233444;0,043104659765958786;0,03976215422153473;0,2051716297864914;0,002258061431348324;0,16037370264530182;88;1;1
2018-05-14 17:42:07.469325;0,04558935388922691;0,04161205142736435;0,02821643278002739;0,2266586273908615;0,003408614080399275;0,18779560923576355;88;1;1
2018-05-14 17:42:09.010162;0,04401639103889465;0,0348806194961071;0,027525518089532852;0,20507770776748657;0,003372764214873314;0,17532171308994293;88;1;1
2018-05-14 17:42:10.546016;0,043392475694417953;0,03438602760434151;0,02746977098286152;0,20340153574943542;0,0033297475893050432;0,1760542094707489;88;1;1
2018-05-14 17:42:12.080570;0,03869617357850075;0,030458828434348106;0,025770485401153564;0,13155896961688995;0,0024356937501579523;0,12450343370437622;88;1;1
2018-05-14 17:42:13.616447;0,03788890317082405;0,02947421185672283;0,025522977113723755;0,12158756703138351;0,0015059494180604815;0,09989384561777115;88;1;1
2018-05-14 17:42:15.150929;0,03752533346414566;0,02956705167889595;0,025433799251914024;0,11738839745521545;0,0013588970759883523;0,09765548259019852;88;1;1
2018-05-14 17:42:16.685603;0,039037059992551804;0,030823564156889915;0,02604847401380539;0,15213216841220856;0,0014412218006327748;0,11554219573736191;88;1;1
2018-05-14 17:42:18.220147;0,040121663361787796;0,031930334866046906;0,026217762380838394;0,1703197956085205;0,0019444142235442996;0,12731048464775085;88;1;1
2018-05-14 17:42:19.760947;0,04126782342791557;0,03257635980844498;0,02696044370532036;0,17669576406478882;0,0020577097311615944;0,13596753776073456;88;1;1
2018-05-14 17:42:21.294220;0,04194289818406105;0,032874301075935364;0,027350427582859993;0,1775684356689453;0,002128755673766136;0,14965151250362396;88;1;1
2018-05-14 17:42:22.828774;0,04272758215665817;0,03250971436500549;0,027595000341534615;0,16422738134860992;0,0019637257792055607;0,15574103593826294;88;1;1
2018-05-14 17:42:24.365778;0,04467661306262016;0,032472096383571625;0,027803225442767143;0,18478700518608093;0,0020369114354252815;0,16010311245918274;88;1;1
2018-05-14 17:42:25.902944;0,044969234615564346;0,03277568146586418;0,02807019092142582;0,19313780963420868;0,0020358094479888678;0,16341398656368256;88;1;1
2018-05-14 17:42:27.437004;0,044253747910261154;0,032591309398412704;0,027853958308696747;0,19993577897548676;0,0019900857005268335;0,15997149050235748;88;1;1
2018-05-14 17:42:28.970254;0,04308007284998894;0,03272133320569992;0,028329122811555862;0,21531064808368683;0,0020867129787802696;0,17606651782989502;88;1;1
2018-05-14 17:42:30.502457;0,042609281837940216;0,033162690699100494;0,029034459963440895;0,2236289530992508;0,0021846513263881207;0,21348413825035095;88;1;1
2018-05-14 17:42:32.034390;0,04357972741127014;0,03478553518652916;0,030900154262781143;0,25176867842674255;0,0028075866866856813;0,2512895166873932;88;1;1
2018-05-14 17:42:33.568916;0,043931640684604645;0,03507256135344505;0,03099999390542507;0,24801544845104218;0,002859241096302867;0,2633819580078125;88;1;1
2018-05-14 17:42:35.104800;0,04183708876371384;0,034193459898233414;0,030572017654776573;0,2410709708929062;0,0028531060088425875;0,26008665561676025;88;1;1
2018-05-14 17:42:36.638121;0,0408620610833168;0,03276045247912407;0,029975159093737602;0,23567526042461395;0,002717818832024932;0,2500848174095154;88;1;1
2018-05-14 17:42:38.171409;0,04129858687520027;0,031972069293260574;0,028247008100152016;0,19757866859436035;0,002117274096235633;0,17576727271080017;88;1;1
2018-05-14 17:42:39.704718;0,04115606099367142;0,031921107321977615;0,027659891173243523;0,1833399385213852;0,0018924539908766747;0,15295250713825226;88;1;1
2018-05-14 17:42:41.238099;0,041601136326789856;0,03236287459731102;0,02771591581404209;0,17743732035160065;0,0021749776788055897;0,1671205759048462;88;1;1
2018-05-14 17:42:42.773894;0,04111780971288681;0,0323522686958313;0,027582457289099693;0,17433148622512817;0,002243862021714449;0,17754463851451874;88;1;1
2018-05-14 17:42:44.307148;0,04118160903453827;0,03268587589263916;0,027536459267139435;0,16473007202148438;0,0022096324246376753;0,19208559393882751;88;1;1
2018-05-14 17:42:45.839231;0,041784774512052536;0,03357306867837906;0,028248101472854614;0,1756097674369812;0,002374783158302307;0,19847041368484497;88;1;1
2018-05-14 17:42:47.371234;0,05231144651770592;0,038621511310338974;0,029377589002251625;0,27786776423454285;0,0038109810557216406;0,213732048869133;88;1;1
2018-05-14 17:42:48.903336;0,05337364599108696;0,039315901696681976;0,02979865111410618;0,29238227009773254;0,003929312340915203;0,22225475311279297;88;1;1
2018-05-14 17:42:50.435428;0,05091157183051109;0,03811737522482872;0,02906353585422039;0,2899652123451233;0,0038717954885214567;0,1994953155517578;88;1;1
2018-05-14 17:42:51.967440;0,04474857077002525;0,03449607640504837;0,027612214908003807;0,2460329383611679;0,0033026542514562607;0,181524395942688;88;1;1
2018-05-14 17:42:53.502037;0,03667671978473663;0,030555017292499542;0,02620336040854454;0,1536223292350769;0,001995381200686097;0,1450652927160263;88;1;1
2018-05-14 17:42:55.036575;0,037260040640830994;0,031169826164841652;0,026146026328206062;0,1548253446817398;0,0023284752387553453;0,1425241082906723;88;1;1
2018-05-14 17:42:56.568589;0,03718293085694313;0,03120402991771698;0,026201367378234863;0,14745104312896729;0,0024316194467246532;0,14578093588352203;88;1;1
2018-05-14 17:42:58.101954;0,0515204481780529;0,034445926547050476;0,029872111976146698;0,16807837784290314;0,0024330466985702515;0,18105237185955048;88;1;1
2018-05-14 17:42:59.636504;0,07386155426502228;0,060849178582429886;0,037653107196092606;0,23817038536071777;0,003758814185857773;0,20132949948310852;88;1;1
2018-05-14 17:43:01.169798;0,07500811666250229;0,061430130153894424;0,038395099341869354;0,2464057207107544;0,003652250161394477;0,2021940052509308;88;1;1
2018-05-14 17:43:02.705589;0,08255428075790405;0,06743141263723373;0,04535393789410591;0,37973278760910034;0,00568756740540266;0,39670056104660034;88;1;1
2018-05-14 17:43:04.240076;0,11125653982162476;0,07085469365119934;0,056264545768499374;0,3810332417488098;0,005991989281028509;0,37142413854599;88;1;1
2018-05-14 17:43:05.772371;0,10401111096143723;0,05140812695026398;0,05484844371676445;0,3274483382701874;0,005287554115056992;0,36880138516426086;88;1;1
2018-05-14 17:43:07.305560;0,10063490271568298;0,04895380511879921;0,0538020133972168;0,2089592069387436;0,005516033619642258;0,221716970205307;88;1;1
2018-05-14 17:43:08.837691;0,05492351949214935;0,03557959198951721;0,03600792959332466;0,15013232827186584;0,0036148536019027233;0,15325704216957092;88;1;1
2018-05-14 17:43:10.369599;0,04488733038306236;0,03193897008895874;0,029708778485655785;0,13880833983421326;0,002909670351073146;0,13956677913665771;88;1;1
2018-05-14 17:43:11.902983;0,03781279921531677;0,030916819348931313;0,025700174272060394;0,13957956433296204;0,0028737985994666815;0,13538159430027008;88;1;1
2018-05-14 17:43:13.437651;0,04043465480208397;0,03241748362779617;0,02665989100933075;0,15005987882614136;0,0030117356218397617;0,15031909942626953;88;1;1
2018-05-14 17:43:14.973344;0,10561707615852356;0,04616440460085869;0,04704790562391281;0,19380073249340057;0,004210152197629213;0,20684170722961426;88;1;1
2018-05-14 17:43:16.505394;0,10632278025150299;0,047064606100320816;0,04731610044836998;0,2066832035779953;0,004614711739122868;0,29316121339797974;88;1;1
2018-05-14 17:43:18.038720;0,1323213428258896;0,07885155081748962;0,061180856078863144;0,22157078981399536;0,007339357398450375;0,29699692130088806;88;1;1
2018-05-14 17:43:19.575746;0,13293907046318054;0,07833604514598846;0,06123341619968414;0,22832448780536652;0,007249904330819845;0,29414063692092896;88;1;1
2018-05-14 17:43:21.110294;0,09207591414451599;0,07212898880243301;0,04810011386871338;0,2057705968618393;0,007008075714111328;0,28563645482063293;88;1;1
2018-05-14 17:43:22.643691;0,049890246242284775;0,03484760969877243;0,030216382816433907;0,1858791708946228;0,004103383980691433;0,19773945212364197;88;1;1
2018-05-14 17:43:24.176927;0,053238097578287125;0,03459769859910011;0,0322280079126358;0,1604791283607483;0,0036950912326574326;0,20618174970149994;88;1;1
2018-05-14 17:43:25.708996;0,05729763209819794;0,03667318820953369;0,03415589779615402;0,15922915935516357;0,004294541198760271;0,2366030067205429;88;1;1
2018-05-14 17:43:27.242268;0,06014106050133705;0,037372469902038574;0,035983964800834656;0,1417103409767151;0,004194355104118586;0,23502038419246674;88;1;1
2018-05-14 17:43:28.775642;0,06279560178518295;0,03895645588636398;0,03717935457825661;0,14956125617027283;0,004342774860560894;0,2922854423522949;88;1;1
2018-05-14 17:43:30.307788;0,05881962180137634;0,04301826283335686;0,038993872702121735;0,27163922786712646;0,004881344735622406;0,33661967515945435;88;1;1
2018-05-14 17:43:31.841053;0,05462139844894409;0,04285919666290283;0,03696388751268387;0,2783619463443756;0,00482556875795126;0,33972451090812683;88;1;1
2018-05-14 17:43:33.375567;0,05738997459411621;0,04419516399502754;0,0374254435300827;0,300091952085495;0,005033660214394331;0,35720545053482056;88;1;1
2018-05-14 17:43:34.907637;0,04911423102021217;0,03970552980899811;0,030726687982678413;0,28301286697387695;0,004782944917678833;0,23598478734493256;88;1;1
2018-05-14 17:43:36.439657;0,04810729995369911;0,03833078220486641;0,030102208256721497;0,280670702457428;0,005238701123744249;0,2315852791070938;88;1;1
2018-05-14 17:43:37.971772;0,04285349324345589;0,03542434051632881;0,0288054458796978;0,23254357278347015;0,0044730291701853275;0,19781546294689178;88;1;1
2018-05-14 17:43:39.505036;0,03963803872466087;0,033916644752025604;0,027054373174905777;0,16022513806819916;0,004024591762572527;0,14626571536064148;88;1;1
2018-05-14 17:43:41.037166;0,036746636033058167;0,0313456766307354;0,02645796909928322;0,13443167507648468;0,0032685475889593363;0,14355404675006866;88;1;1
2018-05-14 17:43:42.572920;0,0371379479765892;0,031153742223978043;0,026470305398106575;0,13979510962963104;0,0025711613707244396;0,1510024517774582;88;1;1
2018-05-14 17:43:44.108711;0,037830814719200134;0,0317695327103138;0,02673172391951084;0,13817358016967773;0,002902572974562645;0,15293654799461365;88;1;1
2018-05-14 17:43:45.642084;0,03857173025608063;0,03134667128324509;0,02676711417734623;0,13022443652153015;0,0027068916242569685;0,14376592636108398;88;1;1
2018-05-14 17:43:47.175357;0,038932424038648605;0,031290002167224884;0,02692527323961258;0,12823612987995148;0,0026347872335463762;0,1374063640832901;88;1;1
2018-05-14 17:43:48.708656;0,04027735814452171;0,031730737537145615;0,026972496882081032;0,13769643008708954;0,0027516104746609926;0,14555543661117554;88;1;1
2018-05-14 17:43:50.241992;0,039823438972234726;0,031741030514240265;0,0271489005535841;0,1387334167957306;0,002517328131943941;0,16584935784339905;88;1;1
2018-05-14 17:43:51.775349;0,039422471076250076;0,032557450234889984;0,02717154659330845;0,1714293211698532;0,0029536529909819365;0,17837682366371155;88;1;1
2018-05-14 17:43:53.309954;0,03878374397754669;0,03262607008218765;0,026800908148288727;0,17083071172237396;0,003181003499776125;0,17659395933151245;88;1;1
2018-05-14 17:43:54.841996;0,03646174445748329;0,031230347231030464;0,02604704350233078;0,16074013710021973;0,002863477449864149;0,152188241481781;88;1;1
2018-05-14 17:43:56.374017;0,037317823618650436;0,03087368980050087;0,02602066472172737;0,15334868431091309;0,0026533245109021664;0,14626075327396393;88;1;1
2018-05-14 17:43:57.908537;0,037717822939157486;0,030601758509874344;0,025966152548789978;0,13657347857952118;0,002060500904917717;0,13198509812355042;88;1;1
2018-05-14 17:43:59.441823;0,038510579615831375;0,03130514547228813;0,02621389552950859;0,14784955978393555;0,0025946067180484533;0,14257778227329254;88;1;1
2018-05-14 17:44:00.976451;0,040284164249897;0,031554702669382095;0,026384826749563217;0,14968366920948029;0,0025946067180484533;0,15600962936878204;88;1;1
2018-05-14 17:44:02.512205;0,03946559876203537;0,03282496705651283;0,026810452342033386;0,16754449903964996;0,0038584668654948473;0,16027423739433289;88;1;1
2018-05-14 17:44:04.044336;0,04067149758338928;0,033248819410800934;0,027097927406430244;0,1675872504711151;0,0039516109973192215;0,19425848126411438;88;1;1
2018-05-14 17:44:05.576404;0,0822509303689003;0,056158460676670074;0,04784682020545006;0,26014474034309387;0,005800715181976557;0,4877554774284363;88;1;1
2018-05-14 17:44:07.108412;0,08525753766298294;0,06127685680985451;0,049765270203351974;0,276123970746994;0,006536682136356831;0,5481807589530945;88;1;1
2018-05-14 17:44:08.640459;0,08538448810577393;0,061252083629369736;0,04982917755842209;0,28911668062210083;0,006434651557356119;0,5484703183174133;88;1;1
2018-05-14 17:44:10.173771;0,0795288234949112;0,06694293767213821;0,051281075924634933;0,2861998379230499;0,006230889353901148;0,5463336706161499;88;1;1
2018-05-14 17:44:11.708301;0,049300212413072586;0,0497579351067543;0,03676631674170494;0,2861998379230499;0,004761975724250078;0,3577593266963959;88;1;1
2018-05-14 17:44:13.265349;0,09855908155441284;0,06061616539955139;0,050706181675195694;0,37997689843177795;0,0056846169754862785;0,4453122615814209;88;1;1
2018-05-14 17:44:14.799938;0,09855908155441284;0,06061616539955139;0,06812144815921783;0,37997689843177795;0,005729565862566233;0,3424268662929535;88;1;1
2018-05-14 17:44:16.333434;0,17812815308570862;0,094326913356781;0,08867507427930832;0,389799028635025;0,004822816699743271;0,324503630399704;88;1;1
2018-05-14 17:44:17.980367;0,17815755307674408;0,09746569395065308;0,0888584554195404;0,3922744691371918;0,005077453330159187;0,2725292444229126;88;1;1
2018-05-14 17:44:19.512399;0,14508290588855743;0,09148865193128586;0,08200464397668839;0,2528361678123474;0,004452541004866362;0,2058761715888977;88;1;1
2018-05-14 17:44:21.045765;0,08533318340778351;0,05625099688768387;0,046233419328927994;0,26856502890586853;0,004690704867243767;0,2240716814994812;88;1;1
2018-05-14 17:44:22.577771;0,05951077491044998;0,05091502517461777;0,03487129881978035;0,236440971493721;0,004332162905484438;0,22413155436515808;88;1;1
2018-05-14 17:44:24.168587;0,05529581755399704;0,037618353962898254;0,032526981085538864;0,2271123081445694;0,0036070796195417643;0,22056856751441956;88;1;1
2018-05-14 17:44:25.699380;0,0755247175693512;0,040921565145254135;0,04467397555708885;0,2276032418012619;0,0031293847132474184;0,20715248584747314;88;1;1
2018-05-14 17:44:27.232745;0,06987006962299347;0,03892897814512253;0,04259452968835831;0,21735864877700806;0,0028225781861692667;0,17911364138126373;88;1;1
2018-05-14 17:44:28.764828;0,06804192811250687;0,03788737207651138;0,04230194538831711;0,21268855035305023;0,0027545574121177197;0,17303986847400665;88;1;1
2018-05-14 17:44:30.298137;0,06740472465753555;0,03728347271680832;0,042128052562475204;0,2074476182460785;0,002616306534036994;0,1570856273174286;88;1;1
2018-05-14 17:44:31.832737;0,04242575913667679;0,032689809799194336;0,02822476252913475;0,17905209958553314;0,0024550938978791237;0,16817523539066315;88;1;1
2018-05-14 17:44:33.366100;0,03998146578669548;0,03211621567606926;0,027538951486349106;0,18211114406585693;0,002567661926150322;0,17964528501033783;88;1;1
2018-05-14 17:44:34.945611;0,03972756490111351;0,03193202614784241;0,027375180274248123;0,17759548127651215;0,002584565430879593;0,17910389602184296;88;1;1
2018-05-14 17:44:36.480066;0,038481537252664566;0,030955692753195763;0,026636408641934395;0,15949392318725586;0,00245473301038146;0,14977699518203735;88;1;1
2018-05-14 17:44:38.012193;0,037480805069208145;0,03006082773208618;0,026154719293117523;0,13191679120063782;0,002211716491729021;0,14493873715400696;88;1;1
2018-05-14 17:44:39.544306;0,036864884197711945;0,03006082773208618;0,026154719293117523;0,13191679120063782;0,002211716491729021;0,18773065507411957;88;1;1
2018-05-14 17:44:41.077567;0,040561553090810776;0,033255577087402344;0,02824472263455391;0,1924213171005249;0,0034807592164725065;0,19881078600883484;88;1;1
2018-05-14 17:44:42.612094;0,04224477335810661;0,03490670770406723;0,02918427437543869;0,20954462885856628;0,0037053239066153765;0,20944632589817047;88;1;1
2018-05-14 17:44:44.147878;0,04733635485172272;0,037685737013816833;0,030689770355820656;0,2558342218399048;0,004017062485218048;0,22314991056919098;88;1;1
2018-05-14 17:44:45.689965;0,04520999267697334;0,03583740070462227;0,029380343854427338;0,2241213321685791;0,003315543057397008;0,1748105138540268;88;1;1
2018-05-14 17:44:47.222013;0,08634832501411438;0,04320814087986946;0,03787113353610039;0,330472469329834;0,0030987102072685957;0,1798984557390213;88;1;1
2018-05-14 17:44:48.754131;0,08524234592914581;0,04406934604048729;0,037435609847307205;0,339537650346756;0,004143859725445509;0,2150726616382599;88;1;1
2018-05-14 17:44:50.286131;0,08387964218854904;0,04364843666553497;0,03715762868523598;0,3223392367362976;0,004262284375727177;0,22328518331050873;88;1;1
2018-05-14 17:44:51.819560;0,08330081403255463;0,04312558472156525;0,03671882674098015;0,31480342149734497;0,004117149394005537;0,21486997604370117;88;1;1
2018-05-14 17:44:53.354034;0,03730055317282677;0,03421758860349655;0,026878340169787407;0,18371252715587616;0,003970711957663298;0,19979417324066162;88;1;1
2018-05-14 17:44:54.887726;0,03791745752096176;0,03110395558178425;0,026522032916545868;0,178322896361351;0,0025343704037368298;0,16720011830329895;88;1;1
2018-05-14 17:44:56.425599;0,04460660740733147;0,03253285959362984;0,03079243004322052;0,1938374787569046;0,002202164614573121;0,16472598910331726;88;1;1
2018-05-14 17:44:57.958959;0,044936321675777435;0,03284572809934616;0,031017405912280083;0,20130455493927002;0,002188283484429121;0,18692561984062195;88;1;1
2018-05-14 17:44:59.492244;0,13945862650871277;0,0493934266269207;0,056654855608940125;0,26470744609832764;0,003147051902487874;0,20217116177082062;88;1;1
2018-05-14 17:45:01.035648;0,13987885415554047;0,04992146044969559;0,05676592141389847;0,26986661553382874;0,003044398967176676;0,18805083632469177;88;1;1
2018-05-14 17:45:02.567709;0,13805833458900452;0,04919562488794327;0,05476481094956398;0,2803124189376831;0,0034027535002678633;0,20894567668437958;88;1;1
2018-05-14 17:45:04.100955;0,042144011706113815;0,03619835525751114;0,0283758994191885;0,24582548439502716;0,0030731838196516037;0,20837971568107605;88;1;1
2018-05-14 17:45:05.634822;0,041295453906059265;0,034143734723329544;0,02802831307053566;0,2465190887451172;0,0030581126920878887;0,2099563181400299;88;1;1
2018-05-14 17:45:07.171807;0,04126612842082977;0,034143734723329544;0,02859533205628395;0,25281769037246704;0,0031485396903008223;0,20696431398391724;88;1;1
2018-05-14 17:45:08.707595;0,04288105666637421;0,033670663833618164;0,02805582620203495;0,2520884871482849;0,003065431257709861;0,1759546548128128;88;1;1
2018-05-14 17:45:10.242191;0,041967857629060745;0,032655246555805206;0,027252109721302986;0,2411249428987503;0,002950856229290366;0,15261492133140564;88;1;1
2018-05-14 17:45:11.776900;0,0357559509575367;0,030618343502283096;0,02584323287010193;0,2014310210943222;0,0028520124033093452;0,13424964249134064;88;1;1
2018-05-14 17:45:13.311330;0,03538273274898529;0,030177364125847816;0,02572169341146946;0,19948916137218475;0,002684052800759673;1,1283223628997803;88;0;1
2018-05-14 17:45:14.847111;0,48074302077293396;0,2375434786081314;0,1167590469121933;2,4305717945098877;0,053522367030382156;1,9273028373718262;87;0;0
2018-05-14 17:45:16.381792;0,5569370985031128;0,6908913850784302;0,19131992757320404;20,049579620361328;0,14131657779216766;5,8517560958862305;6;-83;-1
2018-05-14 17:45:17.920003;0,7326334118843079;0,9094796180725098;0,326002836227417;25,516420364379883;0,2864922881126404;12,81547737121582;-79;-8;6
2018-05-14 17:45:19.454505;0,7337421774864197;0,9156049489974976;0,342661589384079;26,124765396118164;0,3142052888870239;14,232719421386719;-88;1;0
2018-05-14 17:45:20.987923;0,4817565977573395;0,602546751499176;0,29398322105407715;16,95859718322754;0,2926436960697174;13,215374946594238;-87;1;-1
2018-05-14 17:45:22.522453;0,42495957016944885;0,510543942451477;0,24308782815933228;15,841829299926758;0,2802680432796478;11,827059745788574;-87;1;-1
2018-05-14 17:45:24.068281;0,04026613384485245;0,03235241770744324;0,032197870314121246;0,5314912796020508;0,01475442573428154;0,3379995822906494;-87;1;-1
2018-05-14 17:45:25.601550;0,04188739135861397;0,03316069394350052;0,03244701400399208;0,27011001110076904;0,003088819095864892;0,31630566716194153;-87;1;-1
2018-05-14 17:45:27.138598;0,04243726283311844;0,03459189832210541;0,03279880806803703;0,2960616648197174;0,0037592968437820673;0,32119888067245483;-87;1;-1
2018-05-14 17:45:28.673247;0,04205269366502762;0,038503509014844894;0,0442022867500782;0,3035554885864258;0,004169866442680359;0,39281708002090454;-87;1;-1
2018-05-14 17:45:30.207685;0,18777631223201752;0,4092336893081665;0,13855169713497162;8,983266830444336;0,20518361032009125;6,408289432525635;-56;-32;5
2018-05-14 17:45:31.740977;1,0575426816940308;0,9328842163085938;0,27259886264801025;18,079641342163086;0,35674217343330383;9,223179817199707;87;-1;2
2018-05-14 17:45:33.276781;1,0575424432754517;0,9329175353050232;0,2726067006587982;18,0847225189209;0,3567621409893036;9,2227144241333;88;1;1
2018-05-14 17:45:34.818854;1,057525396347046;0,9325349926948547;0,26994332671165466;18,084415435791016;0,3567560017108917;9,179407119750977;88;1;1
2018-05-14 17:45:36.353486;0,9934849143028259;0,5027521848678589;0,19163094460964203;15,538949966430664;0,28070709109306335;2,8036036491394043;88;1;1
2018-05-14 17:45:37.888094;0,04104858264327049;0,031595584005117416;0,027154143899679184;0,16451393067836761;0,0026757807936519384;0,16843831539154053;88;1;1
2018-05-14 17:45:39.421259;0,04103477671742439;0,03142967075109482;0,02717641368508339;0,15417389571666718;0,0024511353112757206;0,17069871723651886;88;1;1
2018-05-14 17:45:40.957201;0,040805406868457794;0,030949797481298447;0,026622751727700233;0,15992216765880585;0,0020759208127856255;0,14872324466705322;88;1;1
2018-05-14 17:45:42.491698;0,040336575359106064;0,030767343938350677;0,02661433443427086;0,17264050245285034;0,0019858935847878456;0,14645670354366302;88;1;1
2018-05-14 17:45:44.027634;0,040931474417448044;0,03175527602434158;0,027073420584201813;0,17510251700878143;0,002206349978223443;0,1693214774131775;88;1;1
2018-05-14 17:45:45.568349;0,04070077836513519;0,032350510358810425;0,027561113238334656;0,17813335359096527;0,0024198913015425205;0,18462277948856354;88;1;1
2018-05-14 17:45:47.102987;0,04154448211193085;0,032884109765291214;0,02767149545252323;0,17192448675632477;0,0024974581319838762;0,19280903041362762;88;1;1
2018-05-14 17:45:48.639382;0,041410963982343674;0,032800137996673584;0,027512069791555405;0,1602056622505188;0,0024318909272551537;0,19048340618610382;88;1;1
2018-05-14 17:45:50.184559;0,04512457922101021;0,03335215896368027;0,02770976908504963;0,2252330780029297;0,002812847960740328;0,18813742697238922;88;1;1
2018-05-14 17:45:51.720291;0,04602379724383354;0,03449384123086929;0,02813323773443699;0,2622358798980713;0,003495402866974473;0,20128464698791504;88;1;1
2018-05-14 17:45:53.254884;0,045835692435503006;0,03467770293354988;0,028145749121904373;0,26815223693847656;0,0037072186823934317;0,20838633179664612;88;1;1
2018-05-14 17:45:54.789441;0,04477769508957863;0,0346834734082222;0,028257781639695168;0,269375741481781;0,003765872912481427;0,20306257903575897;88;1;1
2018-05-14 17:45:56.324278;0,039822500199079514;0,03301826864480972;0,027216076850891113;0,19668486714363098;0,0030671623535454273;0,1981736421585083;88;1;1
2018-05-14 17:45:57.858845;0,03950195014476776;0,03241507336497307;0,02730402536690235;0,1939830631017685;0,002825668314471841;0,19829601049423218;88;1;1
2018-05-14 17:45:59.395741;0,04052725434303284;0,0331881083548069;0,027101555839180946;0,18253633379936218;0,0027524675242602825;0,18869344890117645;88;1;1
2018-05-14 17:46:00.934041;0,04017217457294464;0,03350440785288811;0,026906726881861687;0,19078460335731506;0,0030872889328747988;0,1839704066514969;88;1;1
2018-05-14 17:46:02.468465;0,04092656821012497;0,033500708639621735;0,026736998930573463;0,20093902945518494;0,0033070885110646486;0,17295978963375092;88;1;1
2018-05-14 17:46:04.003132;0,04168251156806946;0,03361445665359497;0,027419056743383408;0,21532994508743286;0,0034135733731091022;0,17784631252288818;88;1;1
2018-05-14 17:46:05.538901;0,04221247881650925;0,033873312175273895;0,027632562443614006;0,23362921178340912;0,003318488597869873;0,18867939710617065;88;1;1
2018-05-14 17:46:07.078514;0,04435259848833084;0,03469038009643555;0,02830445021390915;0,24193134903907776;0,0032103119883686304;0,1956751048564911;88;1;1
2018-05-14 17:46:08.613034;0,0493621788918972;0,03612707555294037;0,02944762259721756;0,23898594081401825;0,0033808425068855286;0,18767306208610535;88;1;1
2018-05-14 17:46:10.147661;0,053333256393671036;0,037039004266262054;0,03164561092853546;0,2328956127166748;0,00327739748172462;0,19054438173770905;88;1;1
2018-05-14 17:46:11.684612;0,15526293218135834;0,05104612931609154;0,04232873022556305;0,23715725541114807;0,003380537498742342;0,18894630670547485;88;1;1
2018-05-14 17:46:13.220383;0,15574446320533752;0,051154352724552155;0,043077774345874786;0,21595582365989685;0,0031302794814109802;0,8814889192581177;88;0;1
2018-05-14 17:46:14.754967;0,19493015110492706;0,14476127922534943;0,09792627394199371;0,4338121712207794;0,03991101309657097;2,8926873207092285;88;1;1
2018-05-14 17:46:16.289545;0,195016548037529;0,14491161704063416;0,09809084981679916;0,4495587944984436;0,03997284919023514;2,8961164951324463;88;1;1
2018-05-14 17:46:17.826656;0,13053902983665466;0,140365332365036;0,0950016975402832;0,4399625360965729;0,03995407372713089;2,8945963382720947;88;1;1
2018-05-14 17:46:19.362585;0,05647420883178711;0,049040213227272034;0,04458886757493019;0,2769846022129059;0,01029336079955101;0,8760328888893127;88;1;1
2018-05-14 17:46:20.897104;0,07579156756401062;0,04747088626027107;0,04600369557738304;0,24901364743709564;0,0047548264265060425;0,46253952383995056;88;1;1
2018-05-14 17:46:22.432840;0,09516824781894684;0,05508940666913986;0,05639113485813141;0,24353085458278656;0,005109346006065607;0,46350932121276855;88;1;1
2018-05-14 17:46:23.968638;0,09199925512075424;0,05188612639904022;0,05197375267744064;0,23939840495586395;0,004572924226522446;0,417123019695282;88;1;1
2018-05-14 17:46:25.504396;0,07691965997219086;0,045645516365766525;0,045635249465703964;0,19970029592514038;0,0042840843088924885;0,3874930441379547;88;1;1
2018-05-14 17:46:27.040315;0,03827662393450737;0,03773162513971329;0,02747614122927189;0,21063166856765747;0,0033147595822811127;0,2775121033191681;88;1;1
2018-05-14 17:46:28.587313;0,037490423768758774;0,03201693296432495;0,027329234406352043;0,20286886394023895;0,0031065219081938267;0,20846271514892578;88;1;1
2018-05-14 17:46:30.123240;0,03826914727687836;0,03260044753551483;0,02783707156777382;0,2291436493396759;0,0030573257245123386;0,24215392768383026;88;1;1
2018-05-14 17:46:31.658952;0,04063589498400688;0,036206167191267014;0,030248824506998062;0,26592516899108887;0,003771033138036728;0,3306449055671692;88;1;1
2018-05-14 17:46:33.206911;0,041046492755413055;0,0378195084631443;0,031267501413822174;0,2854149639606476;0,004172709304839373;0,4004363715648651;88;1;1
2018-05-14 17:46:34.742568;0,04108085483312607;0,03806315362453461;0,031217649579048157;0,30330580472946167;0,004208914469927549;0,401387482881546;88;1;1
2018-05-14 17:46:36.275875;0,04089261591434479;0,03761160746216774;0,030769724398851395;0,29493802785873413;0,0041948044672608376;0,36721694469451904;88;1;1
2018-05-14 17:46:37.807910;0,03778708353638649;0,03423888608813286;0,02755030058324337;0,19593694806098938;0,0029341857880353928;0,18977594375610352;88;1;1
2018-05-14 17:46:39.341172;0,03915451094508171;0,034430112689733505;0,028475292026996613;0,16160137951374054;0,002567542949691415;0,23883165419101715;88;1;1
2018-05-14 17:46:40.874534;0,03986784815788269;0,03471917286515236;0,02862212248146534;0,14295043051242828;0,0024485343601554632;0,23539358377456665;88;1;1
2018-05-14 17:46:42.406682;0,04467271268367767;0,03788835182785988;0,03104589506983757;0,208517387509346;0,003225947730243206;0,35381463170051575;88;1;1
2018-05-14 17:46:43.948792;0,046973735094070435;0,0417492538690567;0,03532771021127701;0,27307140827178955;0,004464765544980764;0,5647181868553162;88;1;1
2018-05-14 17:46:45.484464;0,047718971967697144;0,042291950434446335;0,03584444522857666;0,2786029279232025;0,0046418956480920315;0,5590983629226685;88;1;1
2018-05-14 17:46:47.018049;0,0493815541267395;0,04142177477478981;0,035858213901519775;0,306292325258255;0,004899359308183193;0,5552011132240295;88;1;1
2018-05-14 17:46:48.552424;0,04677687585353851;0,04148326814174652;0,032651640474796295;0,3068728744983673;0,004898895043879747;0,5552011132240295;88;1;1
2018-05-14 17:46:50.085782;0,04877512902021408;0,03460615500807762;0,030021317303180695;0,2504858672618866;0,003189848968759179;0,23246823251247406;88;1;1
2018-05-14 17:46:51.620209;0,05398331582546234;0,046770304441452026;0,03111163340508938;0,3008997440338135;0,004151171073317528;0,21508334577083588;88;1;1
2018-05-14 17:46:53.153690;0,0516202375292778;0,045831043273210526;0,030399098992347717;0,2556264102458954;0,003664962947368622;0,20701634883880615;88;1;1
2018-05-14 17:46:54.688120;0,04500415921211243;0,04472050443291664;0,02911977842450142;0,22846683859825134;0,003608090803027153;0,21452055871486664;88;1;1
2018-05-14 17:46:56.221549;0,03497558459639549;0,03153582662343979;0,026978880167007446;0,1418691873550415;0,0022829582449048758;0,17481204867362976;88;1;1
2018-05-14 17:46:57.754786;0,035609517246484756;0,032580312341451645;0,02723747305572033;0,15820899605751038;0,00250813364982605;0,18644322454929352;88;1;1
2018-05-14 17:46:59.289284;0,03575312718749046;0,03309397026896477;0,027572108432650566;0,1687116026878357;0,0027179529424756765;0,2131003439426422;88;1;1
2018-05-14 17:47:00.833940;0,035025060176849365;0,03202518820762634;0,02709779515862465;0,15328623354434967;0,002458676928654313;0,2035895437002182;88;1;1
2018-05-14 17:47:02.367296;0,03570059314370155;0,032742939889431;0,02738552913069725;0,1523972451686859;0,0026948386803269386;0,21242505311965942;88;1;1
2018-05-14 17:47:03.900528;0,035644471645355225;0,031159235164523125;0,026656951755285263;0,12844058871269226;0,00274110515601933;0,1538456678390503;88;1;1
2018-05-14 17:47:05.435068;0,03600528463721275;0,03147575631737709;0,026467926800251007;0,12276529520750046;0,0023867711424827576;0,13813112676143646;88;1;1
2018-05-14 17:47:06.977102;0,03558820113539696;0,031427811831235886;0,02614445984363556;0,12763266265392303;0,0023998068645596504;0,1260850727558136;88;1;1
2018-05-14 17:47:08.510364;0,03399265557527542;0,03049401566386223;0,025808900594711304;0,12256617844104767;0,0021989529486745596;0,11795853823423386;88;1;1
2018-05-14 17:47:10.044005;0,0328262634575367;0,029416540637612343;0,025443829596042633;0,11524531990289688;0,0019165902631357312;0,11062762141227722;88;1;1
2018-05-14 17:47:11.578304;0,0328575000166893;0,02911638282239437;0,025344837456941605;0,11384239792823792;0,0016893421998247504;0,10728705674409866;88;1;1
2018-05-14 17:47:13.114190;0,03276737034320831;0,028997138142585754;0,025418100878596306;0,1063787192106247;0,0016716058598831296;0,10423175990581512;88;1;1
2018-05-14 17:47:14.647615;0,03267214447259903;0,028978245332837105;0,02552899904549122;0,10531722754240036;0,0016785402549430728;0,10779719799757004;88;1;1
2018-05-14 17:47:16.179603;0,03283437341451645;0,0289840679615736;0,025597186759114265;0,09477143734693527;0,0016621045069769025;0,10557093471288681;88;1;1
2018-05-14 17:47:17.729063;0,03257184103131294;0,028993437066674232;0,025720888748764992;0,10319167375564575;0,001645294832997024;0,10829741507768631;88;1;1
2018-05-14 17:47:19.262431;0,03299012780189514;0,029072297737002373;0,025773555040359497;0,10505324602127075;0,001640991191379726;0,1208375096321106;88;1;1
2018-05-14 17:47:20.794463;0,03577372431755066;0,02966161072254181;0,026328999549150467;0,13830646872520447;0,0016909150872379541;0,1263001263141632;88;1;1
2018-05-14 17:47:22.327763;0,03624894842505455;0,03021799586713314;0,026557590812444687;0,1466672569513321;0,0020258896984159946;0,13383512198925018;88;1;1
2018-05-14 17:47:23.860988;0,04163895547389984;0,031870219856500626;0,02796669490635395;0,214352086186409;0,0024244016967713833;0,16471657156944275;88;1;1
2018-05-14 17:47:25.394327;0,041937924921512604;0,03251892328262329;0,027934424579143524;0,22331713140010834;0,0024978560395538807;0,16727522015571594;88;1;1
2018-05-14 17:47:26.928928;0,04021380469202995;0,032938551157712936;0,027670931071043015;0,21018603444099426;0,0026470795273780823;0,16362422704696655;88;1;1
2018-05-14 17:47:28.473448;0,04123695567250252;0,033914025872945786;0,027971629053354263;0,21182799339294434;0,002598538063466549;0,1426515132188797;88;1;1
2018-05-14 17:47:30.006801;0,037009578198194504;0,03277508541941643;0,02675529755651951;0,1437186598777771;0,0024413596838712692;0,12722212076187134;88;1;1
2018-05-14 17:47:31.541365;0,03676140680909157;0,03220949321985245;0,026650497689843178;0,14028392732143402;0,0022552271839231253;0,12902076542377472;88;1;1
2018-05-14 17:47:33.081188;0,03617103025317192;0,0316263772547245;0,026322610676288605;0,13361050188541412;0,0021922572050243616;0,12263093888759613;88;1;1
2018-05-14 17:47:34.614242;0,03725135698914528;0,03202012553811073;0,026450790464878082;0,17169177532196045;0,0024789650924503803;0,13845892250537872;88;1;1
2018-05-14 17:47:36.147616;0,036623112857341766;0,0316496379673481;0,026379955932497978;0,18679453432559967;0,0023764849174767733;0,13703329861164093;88;1;1
2018-05-14 17:47:37.682149;0,03658279404044151;0,0319037102162838;0,026573432609438896;0,18148015439510345;0,002563626039773226;0,1342233121395111;88;1;1
2018-05-14 17:47:39.216668;0,035454344004392624;0,03160661458969116;0,026569684967398643;0,18069124221801758;0,002929880516603589;0,14572499692440033;88;1;1
2018-05-14 17:47:40.749994;0,03442516177892685;0,031217148527503014;0,02610900066792965;0,13051648437976837;0,0027327206917107105;0,13696806132793427;88;1;1
2018-05-14 17:47:42.283348;0,03436238691210747;0,031120989471673965;0,02613142505288124;0,13226261734962463;0,0027514237444847822;0,13696806132793427;88;1;1
2018-05-14 17:47:43.832892;0,03416557237505913;0,031120989471673965;0,02613142505288124;0,14068180322647095;0,0030616181902587414;0,15269184112548828;88;1;1
2018-05-14 17:47:45.369880;0,034805603325366974;0,03113114833831787;0,026135239750146866;0,1436743289232254;0,0025001009926199913;0,13192524015903473;88;1;1
2018-05-14 17:47:46.903172;0,034983985126018524;0,0313909687101841;0,026296978816390038;0,1476520150899887;0,0025001009926199913;0,1367860734462738;88;1;1
2018-05-14 17:47:48.436723;0,03443901613354683;0,030814114958047867;0,02613169141113758;0,13744328916072845;0,002375336829572916;0,13588327169418335;88;1;1
2018-05-14 17:47:49.978544;0,035592835396528244;0,031201962381601334;0,026475250720977783;0,1417180299758911;0,0023224561009556055;0,12760375440120697;88;1;1
2018-05-14 17:47:51.513109;0,03533172979950905;0,03103630430996418;0,02640966698527336;0,1331159472465515;0,0024422486312687397;0,12079764902591705;88;1;1
2018-05-14 17:47:53.046496;0,03486563265323639;0,03048728033900261;0,026251032948493958;0,12962642312049866;0,0022535359021276236;0,11427915096282959;88;1;1
2018-05-14 17:47:54.584153;0,03511689603328705;0,03081672452390194;0,026164792478084564;0,12388943880796432;0,002283013891428709;0,11770157516002655;88;1;1
2018-05-14 17:47:56.116941;0,03327946737408638;0,0296565480530262;0,025885622948408127;0,11880205571651459;0,001958873588591814;0,11080916225910187;88;1;1
2018-05-14 17:47:57.648929;0,03463694825768471;0,030050624161958694;0,02627766691148281;0,11857100576162338;0,0019331506919115782;0,11657997220754623;88;1;1
2018-05-14 17:47:59.200952;0,034738946706056595;0,0299491249024868;0,02626650035381317;0,12038136273622513;0,001694136532023549;0,11425468325614929;88;1;1
2018-05-14 17:48:00.733245;0,03453056886792183;0,029611710458993912;0,026121100410819054;0,11308886855840683;0,0015387998428195715;0,10831227153539658;88;1;1
2018-05-14 17:48:02.267760;0,034493714570999146;0,029567724093794823;0,02584161050617695;0,11398552358150482;0,0015509019140154123;0,10199261456727982;88;1;1
2018-05-14 17:48:03.804708;0,033136267215013504;0,02884676866233349;0,025282010436058044;0,10183340311050415;0,0014756257878616452;0,09297362715005875;88;1;1
2018-05-14 17:48:05.347969;0,032964468002319336;0,028982950374484062;0,02525763027369976;0,10915341228246689;0,0015385758597403765;0,09445302188396454;88;1;1
2018-05-14 17:48:06.879952;0,0338035486638546;0,029320457950234413;0,025514058768749237;0,11024627834558487;0,001636554254218936;0,10097622871398926;88;1;1
2018-05-14 17:48:08.413367;0,03391338884830475;0,02950088493525982;0,025626828894019127;0,12083997577428818;0,0017041729297488928;0,11503362655639648;88;1;1
2018-05-14 17:48:09.959205;0,034057311713695526;0,02973959781229496;0,025634944438934326;0,13001132011413574;0,0017344318330287933;0,11278290301561356;88;1;1
